Album,Artist,Artwork Count,Bit Rate,Date Added,Date Modified,File Folder Count,Genre,Has Video,Kind,Library Folder Count,Location,Movie,Name,Persistent ID,Play Count,Play Date,Play Date UTC,Podcast,Purchased,Release Date,Sample Rate,Size,Total Time,Track ID,Track Number,Track Type,Unplayed,Year
Learn German | GermanPod101.com,GermanPod101.com,1,80,2017-08-05T19:59:04Z,2017-08-05T19:59:23Z,4,Podcast,,MPEG audio file,1,file://localhost/C:/Users/Leo/Music/iTunes/iTunes%20Media/Podcasts/Learn%20German%20_%20GermanPod101.com/German%20Vocab%20Builder%20%2361%20-%20Studying.mp3,,German Vocab Builder #61 - Studying a Language,0214A07991ECE27C,,,,,,2016-09-11T09:30:00Z,44100,2357049,212506,1980,,File,,
Learn German | GermanPod101.com,GermanPod101.com,1,192,2017-08-05T19:59:04Z,2017-08-05T19:59:30Z,4,Podcast,,MPEG audio file,1,file://localhost/C:/Users/Leo/Music/iTunes/iTunes%20Media/Podcasts/Learn%20German%20_%20GermanPod101.com/11%20Absolute%20Beginner%20S3%20%2311%20-%20Can%20Yo.mp3,,Absolute Beginner S3 #11 - Can You Tell the Time in German?,0214A07991ECE27E,,,,,,2016-09-08T09:30:00Z,44100,15487583,635637,1982,11,File,,2014
Learn German | GermanPod101.com,GermanPod101.com,1,153,2017-08-05T19:59:04Z,2017-08-05T19:59:25Z,4,Podcast,,MPEG audio file,1,file://localhost/C:/Users/Leo/Music/iTunes/iTunes%20Media/Podcasts/Learn%20German%20_%20GermanPod101.com/198%20News%20%23198%20-%20The%20Secret%20to%20Learni.mp3,,News #198 - The Secret to Learning German Faster with Every GermanPod101 Lesson,0214A07991ECE27F,,,,,,2016-09-04T09:30:00Z,44100,8430278,426919,1986,198,File,,2016
Learn German | GermanPod101.com,GermanPod101.com,1,81,2017-08-05T19:59:04Z,2017-08-05T19:59:10Z,4,Podcast,,MPEG audio file,1,file://localhost/C:/Users/Leo/Music/iTunes/iTunes%20Media/Podcasts/Learn%20German%20_%20GermanPod101.com/German%20Vocab%20Builder%20%2360%20-%20Labor%20Day.mp3,,German Vocab Builder #60 - Labor Day in the United States,0214A07991ECE27B,,,,,,2016-09-04T09:30:00Z,44100,2656525,238968,1988,198,File,,2016
Learn Polish: Polish for Kids and Beginners (Watch),admin,1,148,2017-08-05T19:59:05Z,2017-08-05T19:59:13Z,4,Podcast,,MPEG-4 video file,1,file://localhost/C:/Users/Leo/Music/iTunes/iTunes%20Media/Podcasts/Learn%20Polish_%20Polish%20for%20Kids%20and%20Beginn/Let's%20Play.mp4,,Let's Play,490D4002817424A6,,,,,,2001-01-01T00:00:00Z,44100,17485919,107044,1990,198,File,,2001
Learn Polish: Polish for Kids and Beginners (Watch),admin,1,148,2017-08-05T19:59:05Z,2017-08-05T19:59:20Z,4,Podcast,,MPEG-4 video file,1,file://localhost/C:/Users/Leo/Music/iTunes/iTunes%20Media/Podcasts/Learn%20Polish_%20Polish%20for%20Kids%20and%20Beginn/Meet%20and%20Greet.mp4,,Meet and Greet,490D4002817424A5,,,,,,2001-01-01T00:00:00Z,44100,19236812,114034,1992,198,File,,2001
Learn Polish | PolishPod101.com,PolishPod101.com,1,192,2017-08-05T19:59:05Z,2017-08-05T19:59:21Z,4,Podcast,,MPEG audio file,1,file://localhost/C:/Users/Leo/Music/iTunes/iTunes%20Media/Podcasts/Learn%20Polish%20_%20PolishPod101.com/03%20Absolute%20Beginner%20Lesson%20%233%20-%20Hav.mp3,,Absolute Beginner Lesson #3 - Have You Lost Something in Poland?,271B80A92DB30E4B,,,,,,2001-01-01T00:00:00Z,44100,15027115,624039,1994,3,File,,2013
Learn Polish | PolishPod101.com,PolishPod101.com,1,256,2017-08-05T19:59:05Z,2017-08-05T19:59:09Z,4,Podcast,,MPEG audio file,1,file://localhost/C:/Users/Leo/Music/iTunes/iTunes%20Media/Podcasts/Learn%20Polish%20_%20PolishPod101.com/15%203-Minute%20Polish%20%2315%20-%20Where%20Are%20Y.mp3,,3-Minute Polish #15 - Where Are You Going?,0838E660737A6C83,,,,,,2001-01-01T00:00:00Z,44100,6976522,216111,1996,15,File,,2015
Learn Polish | PolishPod101.com,PolishPod101.com,1,80,2017-08-05T19:59:05Z,2017-08-05T19:59:17Z,4,Podcast,,MPEG audio file,1,file://localhost/C:/Users/Leo/Music/iTunes/iTunes%20Media/Podcasts/Learn%20Polish%20_%20PolishPod101.com/Polish%20Vocab%20Builder%20%2375%20-%20Top%2010%20Ch.mp3,,Polish Vocab Builder #75 - Top 10 Christmas Characters in American Culture,704DDCB40C9626C9,,,,,,2017-04-06T09:30:00Z,44100,1928056,171546,1998,15,File,,2015
Learn Polish | PolishPod101.com,PolishPod101.com,1,256,2017-08-05T19:59:06Z,2017-08-05T19:59:24Z,4,Podcast,,MPEG audio file,1,file://localhost/C:/Users/Leo/Music/iTunes/iTunes%20Media/Podcasts/Learn%20Polish%20_%20PolishPod101.com/01%20Absolute%20Beginner%20Lesson%20%231%20-%20Say.mp3,,Absolute Beginner Lesson #1 - Saying Hello No Matter the Time of Day in Polish,271B80A92DB30E4D,,,,,,2001-01-01T00:00:00Z,44100,17107089,533028,2000,1,File,,2016
Learn Polish | PolishPod101.com,PolishPod101.com,1,192,2017-08-05T19:59:06Z,2017-08-05T19:59:27Z,4,Podcast,,MPEG audio file,1,file://localhost/C:/Users/Leo/Music/iTunes/iTunes%20Media/Podcasts/Learn%20Polish%20_%20PolishPod101.com/01%20Basic%20Bootcamp%20%231%20-%20Self%20Introduc.mp3,,Basic Bootcamp #1 - Self Introduction: Basic Greetings in Polish,7C0FECE2C82F5295,,,,,,2001-01-01T00:00:00Z,44100,16535530,686889,2002,1,File,,2012
Learn Polish | PolishPod101.com,PolishPod101.com,1,192,2017-08-05T19:59:06Z,2017-08-05T19:59:16Z,4,Podcast,,MPEG audio file,1,file://localhost/C:/Users/Leo/Music/iTunes/iTunes%20Media/Podcasts/Learn%20Polish%20_%20PolishPod101.com/01%20Top%2025%20Questions%20%231%20-%20What's%20your.mp3,,Top 25 Questions #1 - What's your name? in Polish,36490D07C06CEB29,,,,,,2001-01-01T00:00:00Z,44100,9841077,407954,2004,1,File,,2013
Learn Polish | PolishPod101.com,PolishPod101.com,1,192,2017-08-05T19:59:06Z,2017-08-05T19:59:28Z,4,Podcast,,MPEG audio file,1,file://localhost/C:/Users/Leo/Music/iTunes/iTunes%20Media/Podcasts/Learn%20Polish%20_%20PolishPod101.com/02%20Absolute%20Beginner%20Lesson%20%232%20-%20Fir.mp3,,Absolute Beginner Lesson #2 - First Meetings in Poland,271B80A92DB30E4C,,,,,,2001-01-01T00:00:00Z,44100,14244068,591412,2006,2,File,,2013
Learn Polish | PolishPod101.com,PolishPod101.com,1,192,2017-08-06T06:57:03Z,2017-08-05T19:59:28Z,4,Podcast,,MPEG audio file,1,http://traffic.libsyn.com/PolishPod101/FSOM_feb_Polish.mp4,,FREE Polish Stuff of the Month - February 2017,CCFEDD004E32F928,1,,,,,2017-02-28T00:00:00Z,44100,7078205,76000,2790,2,URL,,2013
Learn Polish | PolishPod101.com,PolishPod101.com,1,192,2017-08-06T06:57:03Z,2017-08-05T19:59:28Z,4,Podcast,,MPEG audio file,1,https://traffic.libsyn.com/PolishPod101/Polish-FSOTM-3-2017_ILL_1080p_ILL_iPhone_360p.mp4,,Ends in 3 Days! Get Your FREE Polish Learning Gifts for March 2017!,CB13C0D926558578,1,,,,,2017-04-03T05:00:00Z,44100,14059667,123000,2792,2,URL,,2013
Learn Polish | PolishPod101.com,PolishPod101.com,1,192,2017-08-06T06:57:03Z,2017-08-05T19:59:28Z,4,Podcast,,MPEG audio file,1,https://traffic.libsyn.com/PolishPod101/powerup_Polish.mp4,,Want to Learn Polish with Easy Lessons by Real Teachers?,43CB04BB2ADADC3F,1,,,,,2017-07-18T05:00:00Z,44100,4603572,57000,2794,2,URL,,2013
Learn Polish | PolishPod101.com,PolishPod101.com,1,192,2017-08-06T06:57:03Z,2017-08-05T19:59:28Z,4,Podcast,,MPEG audio file,1,https://media.libsyn.com/media/polishpod101/polish_pubfeed_l1.mp3,,How This Feed Works,141CDEC23A45F274,1,,,,,2005-12-13T20:38:53Z,44100,1412727,88000,2796,2,URL,,2013
Learn Polish | PolishPod101.com,PolishPod101.com,1,192,2017-08-06T06:57:03Z,2017-08-05T19:59:28Z,4,Podcast,,MPEG audio file,1,https://media.libsyn.com/media/polishpod101/ALL_S1L1_010212_ppod101.mp3,,All About #1 - Top 5 Reasons to Study Polish!,A2D6EF10EF41C1C5,1,,,,,2014-10-29T05:45:59Z,44100,11350785,483000,2798,2,URL,,2013
Learn Polish | PolishPod101.com,PolishPod101.com,1,192,2017-08-06T06:57:03Z,2017-08-05T19:59:28Z,4,Podcast,,MPEG audio file,1,https://media.libsyn.com/media/polishpod101/ALL_S1L2_010912_ppod101.mp3,,All About #2 - Cracking the Polish Writing System!,BEAFCFFDD7479F68,1,,,,,2014-10-29T09:27:00Z,44100,8709293,364000,2800,2,URL,,2013
Learn Polish | PolishPod101.com,PolishPod101.com,1,192,2017-08-06T06:57:03Z,2017-08-05T19:59:28Z,4,Podcast,,MPEG audio file,1,https://media.libsyn.com/media/polishpod101/ALL_S1L3_011612_ppod101.mp3,,All About #3 - Painless Polish Grammar!,4A65BE79CD0AE0FD,1,,,,,2014-10-29T09:30:00Z,44100,21542265,902000,2802,2,URL,,2013
Learn Polish | PolishPod101.com,PolishPod101.com,1,192,2017-08-06T06:57:03Z,2017-08-05T19:59:28Z,4,Podcast,,MPEG audio file,1,https://media.libsyn.com/media/polishpod101/S_S1L1_070510_ppod101.mp3,,Survival Phrases #1 - Thank You!,705397A64CC5288D,1,,,,,2014-10-30T09:24:00Z,44100,3520036,275000,2804,2,URL,,2013
Learn Polish | PolishPod101.com,PolishPod101.com,1,192,2017-08-06T06:57:03Z,2017-08-05T19:59:28Z,4,Podcast,,MPEG audio file,1,https://media.libsyn.com/media/polishpod101/S_S1L2_071210_ppod101.mp3,,Survival Phrases #2 - You're Welcome,BF79A410498C7BE2,1,,,,,2014-10-30T09:28:00Z,44100,3003498,238000,2806,2,URL,,2013
Learn Polish | PolishPod101.com,PolishPod101.com,1,192,2017-08-06T06:57:03Z,2017-08-05T19:59:28Z,4,Podcast,,MPEG audio file,1,https://media.libsyn.com/media/polishpod101/S_S1L3_071910_ppod101.mp3,,Survival Phrases #3 - Please!,0545155D9321D2BA,1,,,,,2014-10-30T09:30:00Z,44100,3460734,277000,2808,2,URL,,2013
Learn Polish | PolishPod101.com,PolishPod101.com,1,192,2017-08-06T06:57:03Z,2017-08-05T19:59:28Z,4,Podcast,,MPEG audio file,1,https://media.libsyn.com/media/polishpod101/AB_S1L1_070710_ppod101.mp3,,"Advanced Lesson #1 - Seriously, Let's Visit the Polish Bathrooms!",B652C8D835A71D58,1,,,,,2014-10-31T09:24:00Z,44100,3867538,282000,2810,2,URL,,2013
Learn Polish | PolishPod101.com,PolishPod101.com,1,192,2017-08-06T06:57:03Z,2017-08-05T19:59:28Z,4,Podcast,,MPEG audio file,1,https://media.libsyn.com/media/polishpod101/AB_S1L2_071410_ppod101.mp3,,Advanced Lesson #2 - Want to Do Business with the Polish Goats?,2FB8AA6568876291,1,,,,,2014-10-31T09:27:00Z,44100,3319101,238000,2812,2,URL,,2013
Learn Polish | PolishPod101.com,PolishPod101.com,1,192,2017-08-06T06:57:03Z,2017-08-05T19:59:28Z,4,Podcast,,MPEG audio file,1,https://media.libsyn.com/media/polishpod101/AB_S1L3_072110_ppod101.mp3,,Advanced Lesson #3 - The King of the Polish Forest,10ED25C393E5F1C7,1,,,,,2014-10-31T09:30:00Z,44100,3840323,278000,2814,2,URL,,2013
Learn Polish | PolishPod101.com,PolishPod101.com,1,192,2017-08-06T06:57:03Z,2017-08-05T19:59:28Z,4,Podcast,,MPEG audio file,1,https://media.libsyn.com/media/polishpod101/V_S1L1_070910_ppod101_video.m4v,,Video #1 - Learning Polish Vocabulary for Common Animals,D89EB61C332F9AEF,1,,,,,2014-11-01T09:30:00Z,44100,27763923,142000,2816,2,URL,,2013
Learn Polish | PolishPod101.com,PolishPod101.com,1,192,2017-08-06T06:57:03Z,2017-08-05T19:59:28Z,4,Podcast,,MPEG audio file,1,https://media.libsyn.com/media/polishpod101/V_S2L1_010711_ppod101_video.m4v,,Video - Pictures & Video #1 - Talking About Your Daily Routine in Polish,51B7822F86BF2AA5,1,,,,,2014-11-02T09:28:00Z,44100,40322364,200000,2818,2,URL,,2013
Learn Polish | PolishPod101.com,PolishPod101.com,1,192,2017-08-06T06:57:03Z,2017-08-05T19:59:28Z,4,Podcast,,MPEG audio file,1,https://media.libsyn.com/media/polishpod101/V_S2L2_011411_ppod101_video.m4v,,Video - Pictures & Video #2 - Relaxing in the Evening with Polish,09668F560903F0AE,1,3574513633,2017-04-08T14:27:13Z,,,2014-11-02T09:30:00Z,44100,37258332,200000,2820,2,URL,,2013
Learn Polish | PolishPod101.com,PolishPod101.com,1,192,2017-08-06T06:57:03Z,2017-08-05T19:59:28Z,4,Podcast,,MPEG audio file,1,https://media.libsyn.com/media/polishpod101/B_S1L1_010713_ppod101.mp3,,Beginner Lesson #1 - Easy Self-Introductions in Polish 1,A2F867331FA996F4,1,3574513633,2017-04-08T14:27:13Z,,,2014-11-04T09:30:00Z,44100,14205198,590000,2822,2,URL,,2013
Learn Polish | PolishPod101.com,PolishPod101.com,1,192,2017-08-06T06:57:03Z,2017-08-05T19:59:28Z,4,Podcast,,MPEG audio file,1,https://media.libsyn.com/media/polishpod101/B_S1L2_011413_ppod101.mp3,,Beginner Lesson #2 - Easy Self-Introductions in Polish 2,49215878BF9BC699,1,3574513633,2017-04-08T14:27:13Z,,,2014-11-04T09:31:00Z,44100,16925486,703000,2824,2,URL,,2013
Learn Polish | PolishPod101.com,PolishPod101.com,1,192,2017-08-06T06:57:03Z,2017-08-05T19:59:28Z,4,Podcast,,MPEG audio file,1,https://media.libsyn.com/media/polishpod101/B_S1L3_012113_ppod101.mp3,,Beginner Lesson #3 - Knowing How to Ask Certain Questions Can Save Your Skin in Poland,4D7E65898B92B0DA,1,3574513633,2017-04-08T14:27:13Z,,,2014-11-04T09:32:00Z,44100,17170619,713000,2826,2,URL,,2013
Learn Polish | PolishPod101.com,PolishPod101.com,1,192,2017-08-06T06:57:03Z,2017-08-05T19:59:28Z,4,Podcast,,MPEG audio file,1,https://media.libsyn.com/media/polishpod101/TQ_S1L2_071513_ppod101.mp3,,Top 25 Questions #2 - Where are you from? in Polish,FF2EF7191CC29700,1,3574513633,2017-04-08T14:27:13Z,,,2014-11-06T09:28:02Z,44100,9074958,376000,2828,2,URL,,2013
Learn Polish | PolishPod101.com,PolishPod101.com,1,192,2017-08-06T06:57:03Z,2017-08-05T19:59:28Z,4,Podcast,,MPEG audio file,1,https://media.libsyn.com/media/polishpod101/TQ_S1L3_072213_ppod101.mp3,,Top 25 Questions #3 - Where do you live? in Polish,0325432B1E33574C,1,3574513633,2017-04-08T14:27:13Z,,,2014-11-06T09:30:03Z,44100,8365264,346000,2830,2,URL,,2013
Learn Polish | PolishPod101.com,PolishPod101.com,1,192,2017-08-06T06:57:03Z,2017-08-05T19:59:28Z,4,Podcast,,MPEG audio file,1,https://media.libsyn.com/media/polishpod101/BB_S1L2_042312_ppod101.mp3,,Basic Bootcamp #2 - Basic Polish Sentence Structure,687256D5665246C0,1,3574513633,2017-04-08T14:27:13Z,,,2014-11-07T09:28:00Z,44100,13981381,580000,2832,2,URL,,2013
Learn Polish | PolishPod101.com,PolishPod101.com,1,192,2017-08-06T06:57:03Z,2017-08-05T19:59:28Z,4,Podcast,,MPEG audio file,1,https://media.libsyn.com/media/polishpod101/BB_S1L3_043012_ppod101.mp3,,Basic Bootcamp #3 - Useful Phrases for Learning Polish,1F8A210A30BF20E4,1,3574513633,2017-04-08T14:27:13Z,,,2014-11-07T09:30:00Z,44100,15881006,660000,2834,2,URL,,2013
Learn Polish | PolishPod101.com,PolishPod101.com,1,192,2017-08-06T06:57:03Z,2017-08-05T19:59:28Z,4,Podcast,,MPEG audio file,1,https://media.libsyn.com/media/polishpod101/VCCPH_L1_071213_ppod101_video.m4v,,Video - Polish Holidays #1 - New Year's Day,B44DAC5433C433D9,1,3574513633,2017-04-08T14:27:13Z,,,2014-11-08T09:23:59Z,44100,33678330,215000,2836,2,URL,,2013
Learn Polish | PolishPod101.com,PolishPod101.com,1,192,2017-08-06T06:57:03Z,2017-08-05T19:59:28Z,4,Podcast,,MPEG audio file,1,https://media.libsyn.com/media/polishpod101/VCCPH_L2_072613_ppod101_video.m4v,,Video - Polish Holidays #2 - St. Nicholas Day,18CCA37FC955741D,1,3574513633,2017-04-08T14:27:13Z,,,2014-11-08T09:27:59Z,44100,31592126,202000,2838,2,URL,,2013
Learn Polish | PolishPod101.com,PolishPod101.com,1,192,2017-08-06T06:57:03Z,2017-08-05T19:59:28Z,4,Podcast,,MPEG audio file,1,https://media.libsyn.com/media/polishpod101/VCCPH_L3_080913_ppod101_video.m4v,,Video - Polish Holidays #3 - Christmas Eve,A44799B20E740AFF,1,3574513633,2017-04-08T14:27:13Z,,,2014-11-08T09:29:59Z,44100,34027660,217000,2840,2,URL,,2013
Learn Polish | PolishPod101.com,PolishPod101.com,1,192,2017-08-06T06:57:03Z,2017-08-05T19:59:28Z,4,Podcast,,MPEG audio file,1,https://media.libsyn.com/media/polishpod101/VCCPH_L24_060614_ppod101_video.m4v,,Video - Polish Holidays #24 - Crazy Slide,88805FC2E34D8A46,1,3574513633,2017-04-08T14:27:13Z,,,2014-11-08T09:39:59Z,44100,32398466,206000,2842,2,URL,,2013
Learn Polish | PolishPod101.com,PolishPod101.com,1,192,2017-08-06T06:57:03Z,2017-08-05T19:59:28Z,4,Podcast,,MPEG audio file,1,https://media.libsyn.com/media/polishpod101/PLCFAB_L1_010714_ppod101_video.m4v,,Video - Polish Listening for Beginners #1 - At a Bookstore,D48CB97DCDA8FED7,1,3574513633,2017-04-08T14:27:13Z,,,2014-11-09T09:30:00Z,44100,13378468,111000,2844,2,URL,,2013
Learn Polish | PolishPod101.com,PolishPod101.com,1,192,2017-08-06T06:57:03Z,2017-08-05T19:59:28Z,4,Podcast,,MPEG audio file,1,https://media.libsyn.com/media/polishpod101/LPITM_L1_060112_ppod101_video.m4v,,Video - Polish in 3 Minutes #1 - Self-Introduction,9012329B720522DE,1,3574513633,2017-04-08T14:27:13Z,,,2014-11-10T09:25:59Z,44100,25319112,266000,2846,2,URL,,2013
Learn Polish | PolishPod101.com,PolishPod101.com,1,192,2017-08-06T06:57:03Z,2017-08-05T19:59:28Z,4,Podcast,,MPEG audio file,1,https://media.libsyn.com/media/polishpod101/LPITM_L2_072014_ppod101_video.m4v,,Video - Polish in 3 Minutes #2 - Polish Manners,AF5DFBE8B6EAC746,1,3574513633,2017-04-08T14:27:13Z,,,2014-11-10T09:27:59Z,44100,26032716,234000,2848,2,URL,,2013
Learn Polish | PolishPod101.com,PolishPod101.com,1,192,2017-08-06T06:57:03Z,2017-08-05T19:59:28Z,4,Podcast,,MPEG audio file,1,https://media.libsyn.com/media/polishpod101/LPITM_L3_080312_ppod101_video.m4v,,Video - Polish in 3 Minutes #3 - Greetings,22EBAD337B0143C7,1,3574513633,2017-04-08T14:27:13Z,,,2014-11-10T09:29:59Z,44100,21252746,196000,2850,2,URL,,2013
Learn Polish | PolishPod101.com,PolishPod101.com,1,192,2017-08-06T06:57:03Z,2017-08-05T19:59:28Z,4,Podcast,,MPEG audio file,1,https://traffic.libsyn.com/polishpod101/promo_201504_Polish.mp4,,6 Free Features You Never Knew Existed at PolishPod101,6650F617043387D2,1,3574513633,2017-04-08T14:27:13Z,,,2015-04-15T09:37:00Z,44100,21134878,126000,2852,2,URL,,2013
Learn Polish | PolishPod101.com,PolishPod101.com,1,192,2017-08-06T06:57:03Z,2017-08-05T19:59:28Z,4,Podcast,,MPEG audio file,1,https://traffic.libsyn.com/polishpod101/pplus_201601_polish.mp4,,"Learn Polish FAST with a Real Teacher Anywhere, Anytime!",8E1E6BE758032251,1,3574513633,2017-04-08T14:27:13Z,,,2016-01-01T09:45:03Z,44100,30981853,202000,2854,2,URL,,2013
Learn Polish | PolishPod101.com,PolishPod101.com,1,192,2017-08-06T06:57:03Z,2017-08-05T19:59:28Z,4,Podcast,,MPEG audio file,1,https://traffic.libsyn.com/innovative/dailydose_201604_agnostic.mp4,,"Get New, Free Language Mini-Lessons Every Day!",5818BACFD22B0D14,1,3574513633,2017-04-08T14:27:13Z,,,2016-04-08T09:30:03Z,44100,12537036,83000,2856,2,URL,,2013
Learn Polish | PolishPod101.com,PolishPod101.com,1,192,2017-08-06T06:57:03Z,2017-08-05T19:59:28Z,4,Podcast,,MPEG audio file,1,https://traffic.libsyn.com/PolishPod101/learning_paths_05_2016_polish.mp4,,How to Learn Polish Fast with Learning Paths,A1330079E3A2C461,1,3574513633,2017-04-08T14:27:13Z,,,2016-05-30T09:30:03Z,44100,64306282,91000,2858,2,URL,,2013
Learn Polish: Polish for Kids and Beginners (Watch),admin,1,192,2017-08-06T06:57:04Z,2017-08-05T19:59:28Z,4,Podcast,,MPEG audio file,1,http://dts.podtrac.com/redirect.mp3/cdn.funkidslive.com/pods/watchpolish/podcast-2015-02-09-67970.mp4,,At the Supermarket,393D7E45600557CF,1,3574513633,2017-04-08T14:27:13Z,,,2015-02-09T16:04:00Z,44100,25165824,108000,2860,2,URL,,2013
Learn Polish: Polish for Kids and Beginners (Watch),admin,1,192,2017-08-06T06:57:04Z,2017-08-05T19:59:28Z,4,Podcast,,MPEG audio file,1,http://dts.podtrac.com/redirect.mp3/cdn.funkidslive.com/pods/watchpolish/podcast-2015-02-16-68020.mp4,,Animals,1659877F0FBC7563,1,3574513633,2017-04-08T14:27:13Z,,,2015-02-16T16:06:00Z,44100,23068672,137000,2862,2,URL,,2013
Learn Polish: Polish for Kids and Beginners (Watch),admin,1,192,2017-08-06T06:57:04Z,2017-08-05T19:59:28Z,4,Podcast,,MPEG audio file,1,http://dts.podtrac.com/redirect.mp3/cdn.funkidslive.com/pods/watchpolish/podcast-2015-02-23-48348.mp4,,Body,6C5F8CD5B1F55D77,1,3574513633,2017-04-08T14:27:13Z,,,2015-02-23T10:38:00Z,44100,29360128,141000,2864,2,URL,,2013
Learn Polish: Polish for Kids and Beginners (Watch),admin,1,192,2017-08-06T06:57:04Z,2017-08-05T19:59:28Z,4,Podcast,,MPEG audio file,1,http://dts.podtrac.com/redirect.mp3/cdn.funkidslive.com/pods/watchpolish/podcast-2015-03-02-48374.mp4,,Colours,F83EE0DEA284E468,1,3574513633,2017-04-08T14:27:13Z,,,2015-03-02T10:39:00Z,44100,23068672,124000,2866,2,URL,,2013
Learn Polish: Polish for Kids and Beginners (Watch),admin,1,192,2017-08-06T06:57:04Z,2017-08-05T19:59:28Z,4,Podcast,,MPEG audio file,1,http://dts.podtrac.com/redirect.mp3/cdn.funkidslive.com/pods/watchpolish/podcast-2015-03-09-48403.mp4,,Cooking,185B072F07CA51F1,1,3574513633,2017-04-08T14:27:13Z,,,2015-03-09T10:39:00Z,44100,23068672,133000,2868,2,URL,,2013
Learn Polish: Polish for Kids and Beginners (Watch),admin,1,192,2017-08-06T06:57:04Z,2017-08-05T19:59:28Z,4,Podcast,,MPEG audio file,1,http://dts.podtrac.com/redirect.mp3/cdn.funkidslive.com/pods/watchpolish/podcast-2015-03-16-48424.mp4,,Eating Out,E5C0378E6172A07D,1,3574513633,2017-04-08T14:27:13Z,,,2015-03-16T10:40:00Z,44100,28311552,126000,2870,2,URL,,2013
Learn Polish: Polish for Kids and Beginners (Watch),admin,1,192,2017-08-06T06:57:04Z,2017-08-05T19:59:28Z,4,Podcast,,MPEG audio file,1,http://dts.podtrac.com/redirect.mp3/cdn.funkidslive.com/pods/watchpolish/podcast-2015-03-23-48477.mp4,,Family,C12B8B0BEC8F608D,1,3574513633,2017-04-08T14:27:13Z,,,2015-03-23T10:41:00Z,44100,24117248,140000,2872,2,URL,,2013
Learn Polish: Polish for Kids and Beginners (Watch),admin,1,192,2017-08-06T06:57:04Z,2017-08-05T19:59:28Z,4,Podcast,,MPEG audio file,1,http://dts.podtrac.com/redirect.mp3/cdn.funkidslive.com/pods/watchpolish/podcast-2015-03-30-48500.mp4,,Food & Drink,16A41CD03A652331,1,3574513633,2017-04-08T14:27:13Z,,,2015-03-30T10:41:00Z,44100,31457280,147000,2874,2,URL,,2013
Learn Polish: Polish for Kids and Beginners (Watch),admin,1,192,2017-08-06T06:57:04Z,2017-08-05T19:59:28Z,4,Podcast,,MPEG audio file,1,http://dts.podtrac.com/redirect.mp3/cdn.funkidslive.com/pods/watchpolish/podcast-2015-04-06-48521.mp4,,Music,5BF05480C4D835ED,1,3574513633,2017-04-08T14:27:13Z,,,2015-04-06T10:41:00Z,44100,19922944,116000,2876,2,URL,,2013
Learn Polish: Polish for Kids and Beginners (Watch),admin,1,192,2017-08-06T06:57:04Z,2017-08-05T19:59:28Z,4,Podcast,,MPEG audio file,1,http://dts.podtrac.com/redirect.mp3/cdn.funkidslive.com/pods/watchpolish/podcast-2015-04-13-48705.mp4,,Nature,D80384B9A16EE984,1,3574513633,2017-04-08T14:27:13Z,,,2015-04-13T10:44:00Z,44100,26214400,130000,2878,2,URL,,2013
Learn Polish: Polish for Kids and Beginners (Watch),admin,1,192,2017-08-06T06:57:04Z,2017-08-05T19:59:28Z,4,Podcast,,MPEG audio file,1,http://dts.podtrac.com/redirect.mp3/cdn.funkidslive.com/pods/watchpolish/podcast-2015-04-20-48727.mp4,,Numbers,5960C9D8A70A6F48,1,3574513633,2017-04-08T14:27:13Z,,,2015-04-20T10:45:00Z,44100,26214400,167000,2880,2,URL,,2013
Learn Polish: Polish for Kids and Beginners (Watch),admin,1,192,2017-08-06T06:57:04Z,2017-08-05T19:59:28Z,4,Podcast,,MPEG audio file,1,http://dts.podtrac.com/redirect.mp3/cdn.funkidslive.com/pods/watchpolish/podcast-2015-04-27-48750.mp4,,Playing,BFEC432EB6F66B78,1,3574513633,2017-04-08T14:27:13Z,,,2015-04-27T10:45:00Z,44100,26214400,147000,2882,2,URL,,2013
Learn Polish: Polish for Kids and Beginners (Watch),admin,1,192,2017-08-06T06:57:04Z,2017-08-05T19:59:28Z,4,Podcast,,MPEG audio file,1,http://dts.podtrac.com/redirect.mp3/cdn.funkidslive.com/pods/watchpolish/podcast-2015-05-04-48874.mp4,,School,E93DD8666D9D5A9A,1,3574513633,2017-04-08T14:27:13Z,,,2015-05-04T10:46:00Z,44100,30408704,144000,2884,2,URL,,2013
Learn Polish: Polish for Kids and Beginners (Watch),admin,1,192,2017-08-06T06:57:04Z,2017-08-05T19:59:28Z,4,Podcast,,MPEG audio file,1,http://dts.podtrac.com/redirect.mp3/cdn.funkidslive.com/pods/watchpolish/podcast-2015-05-11-48894.mp4,,Sports,001083E65A2D83C5,1,3574513633,2017-04-08T14:27:13Z,,,2015-05-11T10:48:00Z,44100,24117248,111000,2886,2,URL,,2013
Learn Polish: Polish for Kids and Beginners (Watch),admin,1,192,2017-08-06T06:57:04Z,2017-08-05T19:59:28Z,4,Podcast,,MPEG audio file,1,http://dts.podtrac.com/redirect.mp3/cdn.funkidslive.com/pods/watchpolish/podcast-2015-05-18-48915.mp4,,Travel,9A81190BB9104948,1,3574513633,2017-04-08T14:27:13Z,,,2015-05-18T10:48:00Z,44100,28311552,133000,2888,2,URL,,2013
Learn Polish: Polish for Kids and Beginners (Watch),admin,1,192,2017-08-06T06:57:04Z,2017-08-05T19:59:28Z,4,Podcast,,MPEG audio file,1,http://dts.podtrac.com/redirect.mp3/cdn.funkidslive.com/pods/watchpolish/podcast-2015-05-25-48936.mp4,,Weather,0124E2AAADE27228,1,3574513633,2017-04-08T14:27:13Z,,,2015-05-25T10:48:00Z,44100,27262976,139000,2890,2,URL,,2013
EXPLORE GOD - Beginning Apologetics,Alan Latta,1,192,2017-08-06T06:57:06Z,2017-08-05T19:59:28Z,4,Podcast,,MPEG audio file,1,http://generationschurchofgranbury.sermon.net/20545025/controller/link/action/podcast/type/audio_exploregodcaniknowgodthroughco/id/2488876.mp3,,EXPLORE GOD - Can I Know God Through Community?,4A5C5D6AE42A55DD,1,3574513633,2017-04-08T14:27:13Z,,,2015-11-22T19:08:03Z,44100,7813828,1953000,2892,2,URL,,2013
EXPLORE GOD - Beginning Apologetics,Bob Lanning,1,192,2017-08-06T06:57:06Z,2017-08-05T19:59:28Z,4,Podcast,,MPEG audio file,1,http://generationschurchofgranbury.sermon.net/20544939/controller/link/action/podcast/type/audio_exploregodcaniknowgodthroughpr/id/2478702.mp3,,EXPLORE GOD - Can I Know God Through Prayer?,6BD88424FE86C10F,1,3574513633,2017-04-08T14:27:13Z,,,2015-11-08T18:12:01Z,44100,7359085,1839000,2894,2,URL,,2013
EXPLORE GOD - Beginning Apologetics,Alan Latta,1,192,2017-08-06T06:57:06Z,2017-08-05T19:59:28Z,4,Podcast,,MPEG audio file,1,http://generationschurchofgranbury.sermon.net/20530337/controller/link/action/podcast/type/audio_exploregodcaniknowgodpersonall/id/2475019.mp3,,EXPLORE GOD - Can I Know God Personally?,82712F53E5BD5DAB,1,3574513633,2017-04-08T14:27:13Z,,,2015-10-31T22:01:34Z,44100,6028726,1507000,2896,2,URL,,2013
EXPLORE GOD - Beginning Apologetics,Alan Latta,1,192,2017-08-06T06:57:06Z,2017-08-05T19:59:28Z,4,Podcast,,MPEG audio file,1,http://generationschurchofgranbury.sermon.net/20522443/controller/link/action/podcast/type/audio_exploregodisthebiblereliable/id/2467515.mp3,,EXPLORE GOD - Is The Bible Reliable?,B385B643225BB7C8,1,3574513633,2017-04-08T14:27:13Z,,,2015-10-25T22:00:58Z,44100,10164580,2541000,2898,2,URL,,2013
EXPLORE GOD - Beginning Apologetics,Alan Latta,1,192,2017-08-06T06:57:06Z,2017-08-05T19:59:28Z,4,Podcast,,MPEG audio file,1,http://generationschurchofgranbury.sermon.net/20517173/controller/link/action/podcast/type/audio_exploregodisesusreallygod/id/2462443.mp3,,EXPLORE GOD - Is Jesus Really God?,BE09262861DFE541,1,3574513633,2017-04-08T14:27:13Z,,,2015-10-18T21:00:05Z,44100,9323075,2330000,2900,2,URL,,2013
EXPLORE GOD - Beginning Apologetics,Alan Latta,1,192,2017-08-06T06:57:06Z,2017-08-05T19:59:28Z,4,Podcast,,MPEG audio file,1,http://generationschurchofgranbury.sermon.net/20513128/controller/link/action/podcast/type/audio_exploregodischristianitytoonar/id/2458627.mp3,,EXPLORE GOD - Is Christianity Too Narrow For Our Culture?,3131271780947456,1,3574513633,2017-04-08T14:27:13Z,,,2015-10-11T20:59:14Z,44100,7207560,1801000,2902,2,URL,,2013
EXPLORE GOD - Beginning Apologetics,Alan Latta,1,192,2017-08-06T06:57:06Z,2017-08-05T19:59:28Z,4,Podcast,,MPEG audio file,1,http://generationschurchofgranbury.sermon.net/20506854/controller/link/action/podcast/type/audio_exploregodwhydoesgodallowpains/id/2452635.mp3,,EXPLORE GOD - Why Does God Allow Pain & Suffering?,2F0EAEF7317ED612,1,3574513633,2017-04-08T14:27:13Z,,,2015-10-04T20:58:20Z,44100,8537225,2134000,2904,2,URL,,2013
EXPLORE GOD - Beginning Apologetics,Alan Latta,1,192,2017-08-06T06:57:06Z,2017-08-05T19:59:28Z,4,Podcast,,MPEG audio file,1,http://generationschurchofgranbury.sermon.net/20500187/controller/link/action/podcast/type/audio_exploregodisthereagod/id/2448950.mp3,,EXPLORE GOD - Is There A God?,24113F4CFD1E55A2,1,3574513633,2017-04-08T14:27:13Z,,,2015-09-27T20:57:24Z,44100,12403011,3100000,2906,2,URL,,2013
Learn German | GermanPod101.com,GermanPod101.com,1,192,2017-08-06T06:57:08Z,2017-08-05T19:59:28Z,4,Podcast,,MPEG audio file,1,http://traffic.libsyn.com/GermanPod101/FSOM_feb_German.mp4,,FREE German Stuff of the Month - February 2017,92D17270F9EB79E6,1,3574513633,2017-04-08T14:27:13Z,,,2017-02-28T00:00:00Z,44100,9150380,76000,2908,2,URL,,2013
Learn German | GermanPod101.com,GermanPod101.com,1,192,2017-08-06T06:57:08Z,2017-08-05T19:59:28Z,4,Podcast,,MPEG audio file,1,https://traffic.libsyn.com/GermanPod101/German-FSOTM-3-2017_ILL_1080p_ILL_iPhone_360p.mp4,,Ends in 3 Days! Get Your FREE German Learning Gifts for March 2017!,F888E771E7F8B65D,1,3574513633,2017-04-08T14:27:13Z,,,2017-04-03T05:00:00Z,44100,14248658,123000,2910,2,URL,,2013
Learn German | GermanPod101.com,GermanPod101.com,1,192,2017-08-06T06:57:08Z,2017-08-05T19:59:28Z,4,Podcast,,MPEG audio file,1,https://traffic.libsyn.com/GermanPod101/powerup_German.mp4,,Want to Learn German with Easy Lessons by Real Teachers?,E3BF25FBAED602B2,1,3574513633,2017-04-08T14:27:13Z,,,2017-07-18T05:00:00Z,44100,4532565,57000,2912,2,URL,,2013
Learn German | GermanPod101.com,GermanPod101.com,1,192,2017-08-06T06:57:08Z,2017-08-05T19:59:28Z,4,Podcast,,MPEG audio file,1,https://media.libsyn.com/media/germanpod101/german_pubfeed_l1.mp3,,How This Feed Works,8C54741730A7467D,1,3574513633,2017-04-08T14:27:13Z,,,2014-10-25T20:00:00Z,44100,1429027,89000,2914,2,URL,,2013
Learn German | GermanPod101.com,GermanPod101.com,1,192,2017-08-06T06:57:08Z,2017-08-05T19:59:28Z,4,Podcast,,MPEG audio file,1,https://media.libsyn.com/media/germanpod101/003_NB1_031008_gpod101.mp3,,Newbie #1 - Guten Tag!,96B465EABAC7361C,1,3574513633,2017-04-08T14:27:13Z,,,2014-10-28T09:23:00Z,44100,5264818,732000,2916,2,URL,,2013
Learn German | GermanPod101.com,GermanPod101.com,1,192,2017-08-06T06:57:08Z,2017-08-05T19:59:28Z,4,Podcast,,MPEG audio file,1,https://media.libsyn.com/media/germanpod101/005_NB2_033108_gpod101.mp3,,Newbie #2 - Introductions,76D7221F83634072,1,3574513633,2017-04-08T14:27:13Z,,,2014-10-28T09:27:00Z,44100,10805897,769000,2918,2,URL,,2013
Learn German | GermanPod101.com,GermanPod101.com,1,192,2017-08-06T06:57:08Z,2017-08-05T19:59:28Z,4,Podcast,,MPEG audio file,1,https://media.libsyn.com/media/germanpod101/007_NB3_041708_gpod101.mp3,,Newbie #3 - Düsseldorf Arc - How it all began,06B6318C6F47DCD0,1,3574513633,2017-04-08T14:27:13Z,,,2014-10-28T09:30:00Z,44100,11887733,846000,2920,2,URL,,2013
Learn German | GermanPod101.com,GermanPod101.com,1,192,2017-08-06T06:57:08Z,2017-08-05T19:59:28Z,4,Podcast,,MPEG audio file,1,https://media.libsyn.com/media/germanpod101/UB_S1L1_070710_gpod101.mp3,,Upper Beginner Lesson #1 - Ordinary Friends in Germany,218213054537E9A7,1,3574513633,2017-04-08T14:27:13Z,,,2014-10-29T09:22:00Z,44100,20045800,1038000,2922,2,URL,,2013
Learn German | GermanPod101.com,GermanPod101.com,1,192,2017-08-06T06:57:08Z,2017-08-05T19:59:28Z,4,Podcast,,MPEG audio file,1,https://media.libsyn.com/media/germanpod101/UB_S1L2_071410_gpod101.mp3,,Upper Beginner Lesson #2 - Did You Know He's A Walking German Lexicon?,CE9363213FD0E2D9,1,3574513633,2017-04-08T14:27:13Z,,,2014-10-29T09:26:00Z,44100,17971437,920000,2924,2,URL,,2013
Learn German | GermanPod101.com,GermanPod101.com,1,192,2017-08-06T06:57:08Z,2017-08-05T19:59:28Z,4,Podcast,,MPEG audio file,1,https://media.libsyn.com/media/germanpod101/UB_S1L3_072110_gpod101.mp3,,Upper Beginner Lesson #3 - Hobbies: Paying to Play in Germany,4D34E54DEA1A5644,1,3544114625,2016-04-21T18:17:05Z,,,2014-10-29T09:30:00Z,44100,17707559,888000,2926,2,URL,,2013
Learn German | GermanPod101.com,GermanPod101.com,1,192,2017-08-06T06:57:08Z,2017-08-05T19:59:28Z,4,Podcast,,MPEG audio file,1,https://media.libsyn.com/media/germanpod101/I_S4L1_010312_gpod101.mp3,,"Intermediate Lesson #1 - Long Time, No See in Germany",36796370CCA6AA61,1,3479317011,2014-04-02T18:56:51Z,,,2014-10-30T09:20:00Z,44100,21175231,752000,2928,2,URL,,2013
Learn German | GermanPod101.com,GermanPod101.com,1,192,2017-08-06T06:57:08Z,2017-08-05T19:59:28Z,4,Podcast,,MPEG audio file,1,https://media.libsyn.com/media/germanpod101/I_S4L2_011012_gpod101.mp3,,Intermediate Lesson #2 - Planning a Flight to Germany,168B34CF3A0DDA08,2,3541992035,2016-03-28T04:40:35Z,,,2014-10-30T09:22:00Z,44100,18525453,924000,2930,2,URL,,2013
Learn German | GermanPod101.com,GermanPod101.com,1,192,2017-08-06T06:57:08Z,2017-08-05T19:59:28Z,4,Podcast,,MPEG audio file,1,https://media.libsyn.com/media/germanpod101/I_S4L3_011712_gpod101.mp3,,Intermediate Lesson #3 - This is Your German Captain Speaking,18EC58F22CDFA7DD,1,3545408361,2016-05-06T17:39:21Z,,,2014-10-30T09:27:00Z,44100,21412217,730000,2932,2,URL,,2013
Learn German | GermanPod101.com,GermanPod101.com,1,192,2017-08-06T06:57:08Z,2017-08-05T19:59:28Z,4,Podcast,,MPEG audio file,1,https://media.libsyn.com/media/germanpod101/AB_S4L1_010411_gpod101.mp3,,Advanced Lesson #1 - Fun at German Christmas Markets,28EC2F97A1E299EF,1,3545408361,2016-05-06T17:39:21Z,,,2014-10-30T09:30:00Z,44100,5847877,195000,2934,2,URL,,2013
Learn German | GermanPod101.com,GermanPod101.com,1,192,2017-08-06T06:57:08Z,2017-08-05T19:59:28Z,4,Podcast,,MPEG audio file,1,https://media.libsyn.com/media/germanpod101/V_S3L1_010711_gpod101_video.m4v,,Video - Pictures and Video #1 - Talking About Your Daily Routine in German,8ABA47880969200D,1,3545408361,2016-05-06T17:39:21Z,,,2014-10-31T09:29:58Z,44100,39817242,200000,2936,2,URL,,2013
Learn German | GermanPod101.com,GermanPod101.com,1,192,2017-08-06T06:57:08Z,2017-08-05T19:59:28Z,4,Podcast,,MPEG audio file,1,https://media.libsyn.com/media/germanpod101/V_L1_071009_gpod101_video.m4v,,Video - Video Vocab Lesson #1: Get Your Vegetables!,FACCA601B0377910,1,3545408361,2016-05-06T17:39:21Z,,,2014-11-01T09:29:58Z,44100,5638874,161000,2938,2,URL,,2013
Learn German | GermanPod101.com,GermanPod101.com,1,192,2017-08-06T06:57:08Z,2017-08-05T19:59:28Z,4,Podcast,,MPEG audio file,1,https://media.libsyn.com/media/germanpod101/V_L2_071709_gpod101_video.m4v,,Video - Video Vocab Lesson #2: Get Your Fruits!,C1E1485E0DAE3744,1,3545408361,2016-05-06T17:39:21Z,,,2014-11-02T09:25:58Z,44100,5346407,163000,2940,2,URL,,2013
Learn German | GermanPod101.com,GermanPod101.com,1,192,2017-08-06T06:57:08Z,2017-08-05T19:59:28Z,4,Podcast,,MPEG audio file,1,https://media.libsyn.com/media/germanpod101/LGITM_L1_060112_gpod101_video.m4v,,Video - German in 3 Minutes #1 - Self-Introduction,23123EB2E764EF83,1,3545408361,2016-05-06T17:39:21Z,,,2014-11-02T09:29:58Z,44100,13656230,216000,2942,2,URL,,2013
Learn German | GermanPod101.com,GermanPod101.com,1,192,2017-08-06T06:57:08Z,2017-08-05T19:59:28Z,4,Podcast,,MPEG audio file,1,https://media.libsyn.com/media/germanpod101/LGITM_L2_072012_gpod101_video.m4v,,Video - German in 3 Minutes #2 - German Manners,88917CEEEB87A84F,1,3545408361,2016-05-06T17:39:21Z,,,2014-11-03T09:15:58Z,44100,1,216000,2944,2,URL,,2013
Learn German | GermanPod101.com,GermanPod101.com,1,192,2017-08-06T06:57:08Z,2017-08-05T19:59:28Z,4,Podcast,,MPEG audio file,1,https://media.libsyn.com/media/germanpod101/LGITM_L3_080312_gpod101_video.m4v,,Video - German in 3 Minutes #3 - Greetings,1A89220C39F7A5D5,1,3545408361,2016-05-06T17:39:21Z,,,2014-11-03T09:17:00Z,44100,14825740,202000,2946,2,URL,,2013
Learn German | GermanPod101.com,GermanPod101.com,1,192,2017-08-06T06:57:08Z,2017-08-05T19:59:28Z,4,Podcast,,MPEG audio file,1,https://media.libsyn.com/media/germanpod101/VCCGH_L1_071213_gpod101_video.m4v,,Video - German Holidays #1 - New Year's Day,AC1C8855E1E7AE0B,1,3545408361,2016-05-06T17:39:21Z,,,2014-11-03T09:19:58Z,44100,30033086,191000,2948,2,URL,,2013
Learn German | GermanPod101.com,GermanPod101.com,1,192,2017-08-06T06:57:08Z,2017-08-05T19:59:28Z,4,Podcast,,MPEG audio file,1,https://media.libsyn.com/media/germanpod101/VCCGH_L2_072613_gpod101_video.m4v,,Video - German Holidays #2 - 1st Day of the Oktoberfest,B57A08926EDB1414,1,3545408361,2016-05-06T17:39:21Z,,,2014-11-04T09:20:58Z,44100,29267094,186000,2950,2,URL,,2013
Learn German | GermanPod101.com,GermanPod101.com,1,192,2017-08-06T06:57:08Z,2017-08-05T19:59:28Z,4,Podcast,,MPEG audio file,1,https://media.libsyn.com/media/germanpod101/VCCGH_L3_080913_gpod101_video.m4v,,Video - German Holidays #3 - German Unity Day,4C4D203B76F64EF3,1,3545408361,2016-05-06T17:39:21Z,,,2014-11-04T09:21:58Z,44100,32030621,204000,2952,2,URL,,2013
Learn German | GermanPod101.com,GermanPod101.com,1,192,2017-08-06T06:57:08Z,2017-08-05T19:59:28Z,4,Podcast,,MPEG audio file,1,https://media.libsyn.com/media/germanpod101/ABS_S1L1_010410_gpod101.mp3,,Absolute Beginner Lesson #1 - Is Your Coffee as Strong as Your German Apologies?,24AEE6BA5445C31C,1,3545408361,2016-05-06T17:39:21Z,,,2014-11-04T09:22:58Z,44100,8124272,539000,2954,2,URL,,2013
Learn German | GermanPod101.com,GermanPod101.com,1,192,2017-08-06T06:57:08Z,2017-08-05T19:59:28Z,4,Podcast,,MPEG audio file,1,https://media.libsyn.com/media/germanpod101/ABS_S1L2_011110_gpod101.mp3,,"Absolute Beginner Lesson #2 - To Live and Work in Germany, You Have to Start Here!",798018690B34A2CD,1,3545408361,2016-05-06T17:39:21Z,,,2014-11-05T09:25:58Z,44100,9412276,624000,2956,2,URL,,2013
Learn German | GermanPod101.com,GermanPod101.com,1,192,2017-08-06T06:57:08Z,2017-08-05T19:59:28Z,4,Podcast,,MPEG audio file,1,https://media.libsyn.com/media/germanpod101/ABS_S1L3_011210_gpod101.mp3,,Absolute Beginner Lesson #3 - German In-Formalities,674AB47C2AD4CE2B,1,3545408361,2016-05-06T17:39:21Z,,,2014-11-05T09:29:58Z,44100,8575047,584000,2958,2,URL,,2013
Learn German | GermanPod101.com,GermanPod101.com,1,192,2017-08-06T06:57:08Z,2017-08-05T19:59:28Z,4,Podcast,,MPEG audio file,1,https://media.libsyn.com/media/germanpod101/S_S1L1_050508_gpod101.mp3,,Survival Phrases #1 - Thank You!,4B084B6EF6EC9414,1,3545408361,2016-05-06T17:39:21Z,,,2014-11-06T09:24:50Z,44100,10389045,376000,2960,2,URL,,2013
Learn German | GermanPod101.com,GermanPod101.com,1,192,2017-08-06T06:57:08Z,2017-08-05T19:59:28Z,4,Podcast,,MPEG audio file,1,https://media.libsyn.com/media/germanpod101/S_S1L2_051208_gpod101.mp3,,Survival Phrases #2 - You're welcome!,5438EF7FA95DD967,1,3545408361,2016-05-06T17:39:21Z,,,2014-11-06T09:28:11Z,44100,7752067,272000,2962,2,URL,,2013
Learn German | GermanPod101.com,GermanPod101.com,1,192,2017-08-06T06:57:08Z,2017-08-05T19:59:28Z,4,Podcast,,MPEG audio file,1,https://media.libsyn.com/media/germanpod101/S_S1L3_051908_gpod101.mp3,,Survival Phrases #3 - Please (This Please),B9831BFCB08A30E6,1,3545408361,2016-05-06T17:39:21Z,,,2014-11-06T09:30:55Z,44100,7454404,260000,2964,2,URL,,2013
Learn German | GermanPod101.com,GermanPod101.com,1,192,2017-08-06T06:57:08Z,2017-08-05T19:59:28Z,4,Podcast,,MPEG audio file,1,https://media.libsyn.com/media/germanpod101/ALL_L1_080910_gpod101.mp3,,All About #1 - Why You Should Learn German,EDA952D18B1A6644,1,3545408361,2016-05-06T17:39:21Z,,,2014-11-07T09:15:59Z,44100,6865170,420000,2966,2,URL,,2013
Learn German | GermanPod101.com,GermanPod101.com,1,192,2017-08-06T06:57:08Z,2017-08-05T19:59:28Z,4,Podcast,,MPEG audio file,1,https://media.libsyn.com/media/germanpod101/ALL_L2_081610_gpod101.mp3,,All About #2 - Understanding the German Writing System,E485F58CE347AF5D,1,3545408361,2016-05-06T17:39:21Z,,,2014-11-07T09:27:00Z,44100,10202712,657000,2968,2,URL,,2013
Learn German | GermanPod101.com,GermanPod101.com,1,192,2017-08-06T06:57:08Z,2017-08-05T19:59:28Z,4,Podcast,,MPEG audio file,1,https://media.libsyn.com/media/germanpod101/ALL_L3_082310_gpod101.mp3,,All About #3 - We Make It Easy to Learn Basic German Grammar!,5B528498177D06C0,1,3545408361,2016-05-06T17:39:21Z,,,2014-11-07T09:30:00Z,44100,15466372,1003000,2970,2,URL,,2013
Learn German | GermanPod101.com,GermanPod101.com,1,192,2017-08-06T06:57:08Z,2017-08-05T19:59:28Z,4,Podcast,,MPEG audio file,1,https://media.libsyn.com/media/germanpod101/BB_L1_070510_gpod101.mp3,,Basic Bootcamp #1 - Self Introduction/Basic Greetings in German,A3418463F5865FBD,1,3545408361,2016-05-06T17:39:21Z,,,2014-11-08T09:22:00Z,44100,12024974,749000,2972,2,URL,,2013
Learn German | GermanPod101.com,GermanPod101.com,1,192,2017-08-06T06:57:08Z,2017-08-05T19:59:28Z,4,Podcast,,MPEG audio file,1,https://media.libsyn.com/media/germanpod101/BB_L2_071210_gpod101.mp3,,Basic Bootcamp #2 - Basic German: Nationality 'to be' Basic Sentence Structure,159FA8E8400C7911,1,3545408361,2016-05-06T17:39:21Z,,,2014-11-08T09:26:00Z,44100,14286470,896000,2974,2,URL,,2013
Learn German | GermanPod101.com,GermanPod101.com,1,192,2017-08-06T06:57:08Z,2017-08-05T19:59:28Z,4,Podcast,,MPEG audio file,1,https://media.libsyn.com/media/germanpod101/BB_L3_071910_gpod101.mp3,,Basic Bootcamp #3 - Useful Phrases for Learning German,16462DA674C6E509,1,3545408361,2016-05-06T17:39:21Z,,,2014-11-08T09:30:00Z,44100,12056950,741000,2976,2,URL,,2013
Learn German | GermanPod101.com,GermanPod101.com,1,192,2017-08-06T06:57:08Z,2017-08-05T19:59:28Z,4,Podcast,,MPEG audio file,1,https://media.libsyn.com/media/germanpod101/GLCFAB_L1_010714_gpod101_video.m4v,,Video - German Listening for Beginners #1 - At a Bookstore,2E241D28E59387AB,1,3545408361,2016-05-06T17:39:21Z,,,2014-11-09T09:29:59Z,44100,13268988,109000,2978,2,URL,,2013
Learn German | GermanPod101.com,GermanPod101.com,1,192,2017-08-06T06:57:08Z,2017-08-05T19:59:28Z,4,Podcast,,MPEG audio file,1,https://media.libsyn.com/media/germanpod101/GWOTWWAFB_L1_102614_gpod101_video.m4v,,Video - German Words of the Week #1 - The Weather,C73EDCF68F39BB65,1,3545408361,2016-05-06T17:39:21Z,,,2014-11-10T09:24:00Z,44100,22694809,144000,2980,2,URL,,2013
Learn German | GermanPod101.com,GermanPod101.com,1,192,2017-08-06T06:57:08Z,2017-08-05T19:59:28Z,4,Podcast,,MPEG audio file,1,https://media.libsyn.com/media/germanpod101/GWOTWWAFB_L2_102614_gpod101_video.m4v,,Video - German Words of the Week #2 - At the Office,710CE279FE87EBA2,1,3545408361,2016-05-06T17:39:21Z,,,2014-11-10T09:27:01Z,44100,26253343,166000,2982,2,URL,,2013
Learn German | GermanPod101.com,GermanPod101.com,1,192,2017-08-06T06:57:08Z,2017-08-05T19:59:28Z,4,Podcast,,MPEG audio file,1,https://media.libsyn.com/media/germanpod101/GWOTWWAFIL_L1_102614_gpod101_video.m4v,,Video - German Words of the Week #3 - Computer Words,F2C7E86040D18BDE,1,3545408361,2016-05-06T17:39:21Z,,,2014-11-10T09:29:59Z,44100,20816223,133000,2984,2,URL,,2013
Learn German | GermanPod101.com,GermanPod101.com,1,192,2017-08-06T06:57:08Z,2017-08-05T19:59:28Z,4,Podcast,,MPEG audio file,1,https://traffic.libsyn.com/germanpod101/promo_201504_German.mp4,,6 Free Features You Never Knew Existed at GermanPod101,DA3CE94FFA8DFBF3,1,3545408361,2016-05-06T17:39:21Z,,,2015-04-15T09:37:00Z,44100,21134055,126000,2986,2,URL,,2013
Learn German | GermanPod101.com,GermanPod101.com,1,192,2017-08-06T06:57:08Z,2017-08-05T19:59:28Z,4,Podcast,,MPEG audio file,1,https://traffic.libsyn.com/germanpod101/pplus_201601_german.mp4,,"Learn German FAST with a Real Teacher Anywhere, Anytime!",A0E4D4A9A45B63E3,1,3545408361,2016-05-06T17:39:21Z,,,2016-01-01T09:45:03Z,44100,31114343,202000,2988,2,URL,,2013
Learn German | GermanPod101.com,GermanPod101.com,1,192,2017-08-06T06:57:08Z,2017-08-05T19:59:28Z,4,Podcast,,MPEG audio file,1,https://traffic.libsyn.com/germanpod101/dailydose_201604_german.mp4,,"Get New, Free German Mini-Lessons Every Day!",8EFCE5EFA1BE0410,1,3545408361,2016-05-06T17:39:21Z,,,2016-04-08T09:30:03Z,44100,11625719,84000,2990,2,URL,,2013
Learn German | GermanPod101.com,GermanPod101.com,1,192,2017-08-06T06:57:08Z,2017-08-05T19:59:28Z,4,Podcast,,MPEG audio file,1,https://traffic.libsyn.com/GermanPod101/learning_paths_05_2016_german.mp4,,How to Learn German Fast with Learning Paths,721989E481BC9580,1,3545408361,2016-05-06T17:39:21Z,,,2016-05-30T09:30:03Z,44100,64741086,91000,2992,2,URL,,2013
Learn German | GermanPod101.com,GermanPod101.com,1,192,2017-08-06T06:57:08Z,2017-08-05T19:59:28Z,4,Podcast,,MPEG audio file,1,https://media.libsyn.com/media/germanpod101/ger_comp_03-IT_360p.mp4,,Video for Beginners – The Best German Lessons of 2016,DC8050AD86B4B901,1,3545408361,2016-05-06T17:39:21Z,,,2017-02-08T09:30:00Z,44100,441770650,2973000,2994,2,URL,,2013
Learn Polish | PolishPod101.com,PolishPod101.com,1,192,2017-09-10T12:30:44Z,2017-08-05T19:59:28Z,4,Podcast,,MPEG audio file,1,https://traffic.libsyn.com/innovative/Polish_pdf.mp4,,New! Learn Polish 2x Faster with FREE PDF Lessons,919B0C174A8BBE0A,1,3545408361,2016-05-06T17:39:21Z,,,2017-09-25T09:30:00Z,44100,6991307,35000,3166,2,URL,,2013
Learn German | GermanPod101.com,GermanPod101.com,1,192,2017-09-10T12:30:46Z,2017-08-05T19:59:28Z,4,Podcast,,MPEG audio file,1,https://traffic.libsyn.com/innovative/German_pdf.mp4,,New! Learn German 2x Faster with FREE PDF Lessons,2CA091D1A198E143,1,3545408361,2016-05-06T17:39:21Z,,,2017-09-25T09:30:00Z,44100,6987672,35000,3168,2,URL,,2013
Learn Polish | PolishPod101.com,PolishPod101.com,1,192,2017-11-02T20:59:01Z,2017-08-05T19:59:28Z,4,Podcast,,MPEG audio file,1,https://traffic.libsyn.com/innovative/wotd_shorturl_Polish.mp4,,"How to Learn New Polish Words with these Free, Daily Lessons",FBE3B5CDD04AC066,1,3545408361,2016-05-06T17:39:21Z,,,2017-11-02T09:30:00Z,44100,7165500,75000,3366,2,URL,,2013
Learn German | GermanPod101.com,GermanPod101.com,1,192,2017-11-02T20:59:03Z,2017-08-05T19:59:28Z,4,Podcast,,MPEG audio file,1,https://traffic.libsyn.com/innovative/wotd_shorturl_German.mp4,,"How to Learn New German Words with these Free, Daily Lessons",65139C32B0A04FB0,1,3545408361,2016-05-06T17:39:21Z,,,2017-11-02T09:30:00Z,44100,7202846,75000,3368,2,URL,,2013
Learn Polish | PolishPod101.com,PolishPod101.com,1,192,2018-01-26T18:47:50Z,2017-08-05T19:59:28Z,4,Podcast,,MPEG audio file,1,http://traffic.libsyn.com/PolishPod101/Polish_101_app.mp4,,Learn Polish with our FREE Innovative Language 101 App!,FB38F0211B678DCD,1,3545408361,2016-05-06T17:39:21Z,,,2018-01-17T09:30:00Z,44100,14770945,99000,3558,2,URL,,2013
Learn German | GermanPod101.com,GermanPod101.com,1,192,2018-01-26T18:47:51Z,2017-08-05T19:59:28Z,4,Podcast,,MPEG audio file,1,http://traffic.libsyn.com/GermanPod101/German_101_app.mp4,,Learn German with our FREE Innovative Language 101 App!,3A3EEC90E2DBA9A7,1,3545408361,2016-05-06T17:39:21Z,,,2018-01-17T09:30:00Z,44100,14781655,99000,3560,2,URL,,2013
Learn Polish | PolishPod101.com,PolishPod101.com,1,192,2018-05-29T16:29:01Z,2017-08-05T19:59:28Z,4,Podcast,,MPEG audio file,1,https://media.libsyn.com/media/polishpod101/N_L206_052718_ppod101.mp3,,News #206 - What’s Your #1 Reason for Learning Polish? Top 10 Reasons from Learners Inside,3E920FB41635CE89,1,3545408361,2016-05-06T17:39:21Z,,,2018-05-27T09:30:00Z,44100,13280067,413000,3706,2,URL,,2013
Learn Polish | PolishPod101.com,PolishPod101.com,1,192,2018-05-29T16:29:01Z,2017-08-05T19:59:28Z,4,Podcast,,MPEG audio file,1,https://media.libsyn.com/media/polishpod101/MKPSWP_S1L24_052818_ppod101.mp3,,Must-Know Polish Slang Words & Phrases #24 - Slang Used in School II,9B962600D9EBFEA8,1,3545408361,2016-05-06T17:39:21Z,,,2018-05-28T09:30:00Z,44100,9614565,299000,3708,2,URL,,2013
Learn German | GermanPod101.com,GermanPod101.com,1,192,2018-05-29T16:29:02Z,2017-08-05T19:59:28Z,4,Podcast,,MPEG audio file,1,https://media.libsyn.com/media/germanpod101/VN_L14_052618_gpod101_video.m4v,,Video News #14 - Free German Gifts of the Month - June 2018,DFB2721F4DA0B6F3,1,3545408361,2016-05-06T17:39:21Z,,,2018-05-26T09:30:00Z,44100,13941510,97000,3710,2,URL,,2013
Learn German | GermanPod101.com,GermanPod101.com,1,192,2018-05-29T16:29:02Z,2017-08-05T19:59:28Z,4,Podcast,,MPEG audio file,1,https://media.libsyn.com/media/germanpod101/N_L241_052718_gpod101.mp3,,News #241 - What’s Your #1 Reason for Learning German? Top 10 Reasons from Learners Inside,B4B8DB788A9188F7,1,3545408361,2016-05-06T17:39:21Z,,,2018-05-27T09:30:00Z,44100,13279043,413000,3712,2,URL,,2013
Learn German | GermanPod101.com,GermanPod101.com,1,192,2018-05-29T16:29:02Z,2017-08-05T19:59:28Z,4,Podcast,,MPEG audio file,1,https://media.libsyn.com/media/germanpod101/MKGSWP_S1L24_052818_gpod101.mp3,,Must-Know German Slang Words & Phrases #24 - Expressions to Describe Someone who Takes Advantage of Others,445035754DDEB564,1,3545408361,2016-05-06T17:39:21Z,,,2018-05-28T09:30:00Z,44100,11053828,344000,3714,2,URL,,2013
Learn Polish | PolishPod101.com,PolishPod101.com,1,192,2018-06-19T09:42:30Z,2017-08-05T19:59:28Z,4,Podcast,,MPEG audio file,1,https://media.libsyn.com/media/polishpod101/LPITM_L6_091412_ppod101_video.m4v,,Learn Polish in Three Minutes #6 - Numbers 1-10,228BBE29F74B79DD,1,3545408361,2016-05-06T17:39:21Z,,,2018-05-31T09:30:00Z,44100,29169600,216000,3720,2,URL,,2013
Learn Polish | PolishPod101.com,PolishPod101.com,1,192,2018-06-19T09:42:30Z,2017-08-05T19:59:28Z,4,Podcast,,MPEG audio file,1,https://d1pra95f92lrn3.cloudfront.net/audio_lesson/audiolesson_c98b6d65031c4548f5979a609e73bbc3.mp3,,Polish Vocab Builder #140 - World Cup,6F8D1864EE095AE5,1,3545408361,2016-05-06T17:39:21Z,,,2018-06-03T09:30:00Z,44100,1,216000,3722,2,URL,,2013
Learn Polish | PolishPod101.com,PolishPod101.com,1,192,2018-06-19T09:42:30Z,2017-08-05T19:59:28Z,4,Podcast,,MPEG audio file,1,https://media.libsyn.com/media/polishpod101/N_L207_060318_ppod101.mp3,,News #207 - The 5 Minute Rule to Polish Learning Success,CC5BB610E3A9E753,1,3545408361,2016-05-06T17:39:21Z,,,2018-06-03T09:30:00Z,44100,11904145,370000,3724,2,URL,,2013
Learn Polish | PolishPod101.com,PolishPod101.com,1,192,2018-06-19T09:42:30Z,2017-08-05T19:59:28Z,4,Podcast,,MPEG audio file,1,https://media.libsyn.com/media/polishpod101/ERIPFIL_L1_060418_ppod101.mp3,,Extensive Reading in Polish for Intermediate Learners #1 - Earth’s Water,90496BD8086058B5,1,3545408361,2016-05-06T17:39:21Z,,,2018-06-04T09:30:00Z,44100,14606669,455000,3726,2,URL,,2013
Learn Polish | PolishPod101.com,PolishPod101.com,1,192,2018-06-19T09:42:30Z,2017-08-05T19:59:28Z,4,Podcast,,MPEG audio file,1,https://s3.amazonaws.com/cdn.innovativelanguage.com/wordlists/audio_lesson/audiolesson_bc1b1a6ae6ed563187f9dd1ff340526b.mp3,,Polish Vocab Builder #47 - Wallet,5A72352F29D5C982,1,3545408361,2016-05-06T17:39:21Z,,,2018-06-07T09:30:00Z,44100,887785,85000,3728,2,URL,,2013
Learn Polish | PolishPod101.com,PolishPod101.com,1,192,2018-06-19T09:42:30Z,2017-08-05T19:59:28Z,4,Podcast,,MPEG audio file,1,https://media.libsyn.com/media/polishpod101/ABPFED_S1L12_032718_ppod101_video.m4v,,Absolute Beginner Polish for Every Day #12 - 10 Reasons to Learn a Language,AE214344E0616A86,1,3545408361,2016-05-06T17:39:21Z,,,2018-06-07T09:30:12Z,44100,84142644,553000,3730,2,URL,,2013
Learn Polish | PolishPod101.com,PolishPod101.com,1,192,2018-06-19T09:42:30Z,2017-08-05T19:59:28Z,4,Podcast,,MPEG audio file,1,https://media.libsyn.com/media/polishpod101/ABPFED_S1L16_043018_ppod101_video.m4v,,Absolute Beginner Polish for Every Day #16 - 10 Responses to “How are you?”,01C06AF9DEFA85DE,1,3545408361,2016-05-06T17:39:21Z,,,2018-06-07T09:30:16Z,44100,62635102,393000,3732,2,URL,,2013
Learn Polish | PolishPod101.com,PolishPod101.com,1,192,2018-06-19T09:42:30Z,2017-08-05T19:59:28Z,4,Podcast,,MPEG audio file,1,https://media.libsyn.com/media/polishpod101/MKPSWP_S1L25_061118_ppod101.mp3,,Must-Know Polish Slang Words & Phrases #25 - Expressions Using ani Meaning “Not Even”,C24E69B77B7FCBB0,1,3545408361,2016-05-06T17:39:21Z,,,2018-06-11T09:30:00Z,44100,11551387,359000,3734,2,URL,,2013
Learn Polish | PolishPod101.com,PolishPod101.com,1,192,2018-06-19T09:42:30Z,2017-08-05T19:59:28Z,4,Podcast,,MPEG audio file,1,https://media.libsyn.com/media/polishpod101/ABPFED_S1L17_052118_ppod101_video.m4v,,Absolute Beginner Polish for Every Day #17 - 20 Travel Phrases You Should Know,E6CFB60891D45045,1,3545408361,2016-05-06T17:39:21Z,,,2018-06-14T09:30:00Z,44100,166339831,1045000,3736,2,URL,,2013
Learn Polish | PolishPod101.com,PolishPod101.com,1,192,2018-06-19T09:42:30Z,2017-08-05T19:59:28Z,4,Podcast,,MPEG audio file,1,https://d1pra95f92lrn3.cloudfront.net/audio_lesson/audiolesson_adda22073335453e10e9a4f41588eb01.mp3,,Polish Vocab Builder #123 - Shopping,4021E8604B4F8822,1,3545408361,2016-05-06T17:39:21Z,,,2018-06-14T09:30:00Z,44100,3048062,291000,3738,2,URL,,2013
Learn Polish | PolishPod101.com,PolishPod101.com,1,192,2018-06-19T09:42:30Z,2017-08-05T19:59:28Z,4,Podcast,,MPEG audio file,1,https://d1pra95f92lrn3.cloudfront.net/audio_lesson/audiolesson_3ccddd6b22ecbc7e8935ed13e7727206.mp3,,Polish Vocab Builder #141 - Marine Animals,481A5CE9995D8B3F,1,3545408361,2016-05-06T17:39:21Z,,,2018-06-17T09:30:00Z,44100,1,131000,3740,2,URL,,2013
Learn Polish | PolishPod101.com,PolishPod101.com,1,192,2018-06-19T09:42:30Z,2017-08-05T19:59:28Z,4,Podcast,,MPEG audio file,1,https://media.libsyn.com/media/polishpod101/N_L208_061718_ppod101.mp3,,"News #208 - How to Perfect Your Polish Speaking, Reading, Writing & Listening With 1 Tool",B0C0D68E440C18EB,1,3545408361,2016-05-06T17:39:21Z,,,2018-06-17T09:30:00Z,44100,8365044,431000,3742,2,URL,,2013
Learn Polish | PolishPod101.com,PolishPod101.com,1,192,2018-06-19T09:42:30Z,2017-08-05T19:59:28Z,4,Podcast,,MPEG audio file,1,https://media.libsyn.com/media/polishpod101/ERIPFIL_L2_061818_ppod101.mp3,,Extensive Reading in Polish for Intermediate Learners #2 - What Animals Eat,68F16DE03BA8DCFD,1,3545408361,2016-05-06T17:39:21Z,,,2018-06-18T09:30:00Z,44100,17341794,540000,3744,2,URL,,2013
Learn German | GermanPod101.com,GermanPod101.com,1,192,2018-06-19T09:42:30Z,2017-08-05T19:59:28Z,4,Podcast,,MPEG audio file,1,https://media.libsyn.com/media/germanpod101/I_S3L25_062210_gpod101.mp3,,Intermediate Lesson S3 #25 - Is This Seat Free?,A6D89DF4EC2580E7,1,3545408361,2016-05-06T17:39:21Z,,,2018-05-31T09:30:00Z,44100,21003843,1332000,3746,2,URL,,2013
Learn German | GermanPod101.com,GermanPod101.com,1,192,2018-06-19T09:42:30Z,2017-08-05T19:59:28Z,4,Podcast,,MPEG audio file,1,https://d1pra95f92lrn3.cloudfront.net/audio_lesson/audiolesson_d0fe0f4c741d9313b4150888de018660.mp3,,German Vocab Builder #140 - World Cup,EF1F3542F26878EE,1,3545408361,2016-05-06T17:39:21Z,,,2018-06-03T09:30:00Z,44100,1736254,184000,3748,2,URL,,2013
Learn German | GermanPod101.com,GermanPod101.com,1,192,2018-06-19T09:42:30Z,2017-08-05T19:59:28Z,4,Podcast,,MPEG audio file,1,https://media.libsyn.com/media/germanpod101/N_L242_060318_gpod101.mp3,,News #242 - The 5 Minute Rule to German Learning Success,4C3A9056E8269F09,1,3545408361,2016-05-06T17:39:21Z,,,2018-06-03T09:30:00Z,44100,11903121,370000,3750,2,URL,,2013
Learn German | GermanPod101.com,GermanPod101.com,1,192,2018-06-19T09:42:30Z,2017-08-05T19:59:28Z,4,Podcast,,MPEG audio file,1,https://media.libsyn.com/media/germanpod101/ERIGFIL_L1_060418_gpod101.mp3,,Extensive Reading in German for Intermediate Learners #1 - Earth’s Water,928BAC2D6F77BCE6,1,3545408361,2016-05-06T17:39:21Z,,,2018-06-04T09:30:00Z,44100,14503663,452000,3752,2,URL,,2013
Learn German | GermanPod101.com,GermanPod101.com,1,192,2018-06-19T09:42:30Z,2017-08-05T19:59:28Z,4,Podcast,,MPEG audio file,1,https://media.libsyn.com/media/germanpod101/ABQABA_L3_052518_gpod101_video.m4v,,Absolute Beginner Questions Answered by Anja #3 - What Is Schon and How Do I Use It?,492610DBA7A3C5B4,1,3545408361,2016-05-06T17:39:21Z,,,2018-06-07T09:30:00Z,44100,21828369,195000,3754,2,URL,,2013
Learn German | GermanPod101.com,GermanPod101.com,1,192,2018-06-19T09:42:30Z,2017-08-05T19:59:28Z,4,Podcast,,MPEG audio file,1,https://s3.amazonaws.com/cdn.innovativelanguage.com/wordlists/audio_lesson/audiolesson_ab05adbf200e5c8b7c6deed9ba13a3c5.mp3,,German Vocab Builder #76 - Tableware,21CFB2083EC270F6,1,3545408361,2016-05-06T17:39:21Z,,,2018-06-07T09:30:00Z,44100,1676152,153000,3756,2,URL,,2013
Learn German | GermanPod101.com,GermanPod101.com,1,192,2018-06-19T09:42:30Z,2017-08-05T19:59:28Z,4,Podcast,,MPEG audio file,1,https://media.libsyn.com/media/germanpod101/ABGFED_S1L30_031318_gpod101_video.m4v,,Absolute Beginner German for Every Day #30 - Top 10 Phrases Your Parents Always Say,C645A58D3DF63A51,1,3545408361,2016-05-06T17:39:21Z,,,2018-06-07T09:30:03Z,44100,53142702,335000,3758,2,URL,,2013
Learn German | GermanPod101.com,GermanPod101.com,1,192,2018-06-19T09:42:30Z,2017-08-05T19:59:28Z,4,Podcast,,MPEG audio file,1,https://media.libsyn.com/media/germanpod101/MKGSWP_S1L25_061118_gpod101.mp3,,Must-Know German Slang Words & Phrases #25 - Expression to Describe Feeling Offended,EBAC447056B84D4E,1,3545408361,2016-05-06T17:39:21Z,,,2018-06-11T09:30:00Z,44100,10544754,328000,3760,2,URL,,2013
Learn German | GermanPod101.com,GermanPod101.com,1,192,2018-06-19T09:42:30Z,2017-08-05T19:59:28Z,4,Podcast,,MPEG audio file,1,https://media.libsyn.com/media/germanpod101/CFG_S1L6_081015_gpod101.mp3,,Culture File: Germany #6 - Opening Hours in Germany,3F0130959825DA09,1,3545408361,2016-05-06T17:39:21Z,,,2018-06-14T09:30:00Z,44100,5576891,173000,3762,2,URL,,2013
Learn German | GermanPod101.com,GermanPod101.com,1,192,2018-06-19T09:42:30Z,2017-08-05T19:59:28Z,4,Podcast,,MPEG audio file,1,https://media.libsyn.com/media/germanpod101/N_L243_061718_gpod101.mp3,,"News #243 - How to Perfect Your German Speaking, Reading, Writing & Listening With 1 Tool",6F0044F757AD8C8C,1,3545408361,2016-05-06T17:39:21Z,,,2018-06-17T09:30:00Z,44100,8364020,431000,3764,2,URL,,2013
Learn German | GermanPod101.com,GermanPod101.com,1,192,2018-06-19T09:42:30Z,2017-08-05T19:59:28Z,4,Podcast,,MPEG audio file,1,https://d1pra95f92lrn3.cloudfront.net/audio_lesson/audiolesson_f36d81396b72a1c8f4a8c0bd52775795.mp3,,German Vocab Builder #141 - Marine Animals,E73EA9E4B3B1BD7E,1,3545408361,2016-05-06T17:39:21Z,,,2018-06-17T09:30:00Z,44100,1426275,137000,3766,2,URL,,2013
Learn German | GermanPod101.com,GermanPod101.com,1,192,2018-06-19T09:42:30Z,2017-08-05T19:59:28Z,4,Podcast,,MPEG audio file,1,https://media.libsyn.com/media/germanpod101/ERIGFIL_L2_061818_gpod101.mp3,,Extensive Reading in German for Intermediate Learners #2 - What Animals Eat,66F6A76DCBEB32B8,1,3545408361,2016-05-06T17:39:21Z,,,2018-06-18T09:30:00Z,44100,16928662,527000,3768,2,URL,,2013
